{
    "upsilon_theta": [
        [
            1.0,
            0.01
        ],
        [
            1.0,
            0.1
        ],
        [
            1.0,
            1.0
        ],
        [
            1.0,
            10.0
        ],
        [
            1.0,
            100.0
        ],
        [
            100.0,
            0.01
        ],
        [
            100.0,
            0.1
        ],
        [
            100.0,
            1.0
        ],
        [
            100.0,
            10.0
        ],
        [
            100.0,
            100.0
        ],
        [
            10000.0,
            0.01
        ],
        [
            10000.0,
            0.1
        ],
        [
            10000.0,
            1.0
        ],
        [
            10000.0,
            10.0
        ],
        [
            10000.0,
            100.0
        ]
    ],
    "inter-event-times": [
        0.6128571428571429,
        0.66,
        0.5666666666666668,
        0.6714285714285715,
        0.44625000000000004,
        0.20260869565217393,
        0.188,
        0.1991666666666667,
        0.20291666666666666,
        0.20291666666666666,
        0.1991666666666667,
        0.20291666666666666,
        0.20291666666666666,
        0.20291666666666666,
        0.20291666666666666
    ],
    "experiment_parameters": {
        "upsilon_values": [
            1.0,
            100.0,
            10000.0
        ],
        "theta_values": [
            0.01,
            0.1,
            1.0,
            10.0,
            100.0
        ],
        "upsilon_theta_pairs": [
            [
                1.0,
                0.01
            ],
            [
                1.0,
                0.1
            ],
            [
                1.0,
                1.0
            ],
            [
                1.0,
                10.0
            ],
            [
                1.0,
                100.0
            ],
            [
                100.0,
                0.01
            ],
            [
                100.0,
                0.1
            ],
            [
                100.0,
                1.0
            ],
            [
                100.0,
                10.0
            ],
            [
                100.0,
                100.0
            ],
            [
                10000.0,
                0.01
            ],
            [
                10000.0,
                0.1
            ],
            [
                10000.0,
                1.0
            ],
            [
                10000.0,
                10.0
            ],
            [
                10000.0,
                100.0
            ]
        ]
    }
}